group,function,value,throughput_num,throughput_type,sample_measured_value,unit,iteration_count
add,add M3217,,,,1047963.0,ns,5
add,add M3217,,,,2089640.0,ns,10
add,add M3217,,,,3102184.0,ns,15
add,add M3217,,,,4137223.0,ns,20
add,add M3217,,,,5164020.0,ns,25
add,add M3217,,,,6228260.0,ns,30
add,add M3217,,,,7244646.0,ns,35
add,add M3217,,,,8294566.0,ns,40
add,add M3217,,,,9323108.0,ns,45
add,add M3217,,,,10337958.0,ns,50
add,add M3217,,,,11331082.0,ns,55
add,add M3217,,,,12441709.0,ns,60
add,add M3217,,,,13369514.0,ns,65
add,add M3217,,,,14403505.0,ns,70
add,add M3217,,,,15453495.0,ns,75
add,add M3217,,,,16853690.0,ns,80
add,add M3217,,,,24604329.0,ns,85
add,add M3217,,,,20276739.0,ns,90
add,add M3217,,,,20575598.0,ns,95
add,add M3217,,,,21050923.0,ns,100
add,add M3217,,,,22141500.0,ns,105
add,add M3217,,,,23105702.0,ns,110
add,add M3217,,,,23994805.0,ns,115
add,add M3217,,,,24923029.0,ns,120
add,add M3217,,,,25959115.0,ns,125
add,add M3217,,,,27110541.0,ns,130
add,add M3217,,,,27993357.0,ns,135
add,add M3217,,,,28920742.0,ns,140
add,add M3217,,,,29949914.0,ns,145
add,add M3217,,,,30951420.0,ns,150
add,add M3217,,,,32313682.0,ns,155
add,add M3217,,,,33454838.0,ns,160
add,add M3217,,,,33955871.0,ns,165
add,add M3217,,,,35005022.0,ns,170
add,add M3217,,,,36208702.0,ns,175
add,add M3217,,,,37310946.0,ns,180
add,add M3217,,,,38293521.0,ns,185
add,add M3217,,,,39376483.0,ns,190
add,add M3217,,,,40320216.0,ns,195
add,add M3217,,,,41135616.0,ns,200
add,add M3217,,,,42353409.0,ns,205
add,add M3217,,,,43520413.0,ns,210
add,add M3217,,,,44588147.0,ns,215
add,add M3217,,,,45567927.0,ns,220
add,add M3217,,,,46654872.0,ns,225
add,add M3217,,,,47691588.0,ns,230
add,add M3217,,,,52591887.0,ns,235
add,add M3217,,,,50874459.0,ns,240
add,add M3217,,,,50832334.0,ns,245
add,add M3217,,,,51770967.0,ns,250
add,add M3217,,,,52744320.0,ns,255
add,add M3217,,,,53682185.0,ns,260
add,add M3217,,,,54658263.0,ns,265
add,add M3217,,,,55863829.0,ns,270
add,add M3217,,,,56835226.0,ns,275
add,add M3217,,,,57709589.0,ns,280
add,add M3217,,,,58852492.0,ns,285
add,add M3217,,,,60189533.0,ns,290
add,add M3217,,,,61189153.0,ns,295
add,add M3217,,,,61976330.0,ns,300
add,add M3217,,,,63117277.0,ns,305
add,add M3217,,,,64034603.0,ns,310
add,add M3217,,,,64892408.0,ns,315
add,add M3217,,,,68761371.0,ns,320
add,add M3217,,,,69130090.0,ns,325
add,add M3217,,,,68843246.0,ns,330
add,add M3217,,,,69275467.0,ns,335
add,add M3217,,,,70031837.0,ns,340
add,add M3217,,,,71180538.0,ns,345
add,add M3217,,,,74843484.0,ns,350
add,add M3217,,,,74456462.0,ns,355
add,add M3217,,,,74592898.0,ns,360
add,add M3217,,,,78780209.0,ns,365
add,add M3217,,,,78181373.0,ns,370
add,add M3217,,,,77975427.0,ns,375
add,add M3217,,,,78950806.0,ns,380
add,add M3217,,,,80171671.0,ns,385
add,add M3217,,,,81639910.0,ns,390
add,add M3217,,,,82411369.0,ns,395
add,add M3217,,,,82876075.0,ns,400
add,add M3217,,,,85280432.0,ns,405
add,add M3217,,,,85821704.0,ns,410
add,add M3217,,,,86527425.0,ns,415
add,add M3217,,,,87021471.0,ns,420
add,add M3217,,,,88053575.0,ns,425
add,add M3217,,,,94847907.0,ns,430
add,add M3217,,,,90631952.0,ns,435
add,add M3217,,,,91055581.0,ns,440
add,add M3217,,,,91857010.0,ns,445
add,add M3217,,,,93012906.0,ns,450
add,add M3217,,,,93889085.0,ns,455
add,add M3217,,,,95163393.0,ns,460
add,add M3217,,,,96412970.0,ns,465
add,add M3217,,,,97425654.0,ns,470
add,add M3217,,,,98626261.0,ns,475
add,add M3217,,,,99453816.0,ns,480
add,add M3217,,,,107222898.0,ns,485
add,add M3217,,,,102952383.0,ns,490
add,add M3217,,,,102519044.0,ns,495
add,add M3217,,,,103269406.0,ns,500
